Modelo,Fold,RMSE,MAE,MAPE (%),R²
Dummy media,1,1.1313224815335845,0.9756426510416668,38.3154397230477,-2.962234817971421e-05
Dummy media,2,1.1360378326411984,0.9756383226996527,38.634596392295464,-5.473504344655211e-06
Dummy media,3,1.131706697274342,0.9738410963541666,38.28583275018516,-2.657223217017446e-06
Dummy media,4,1.141165515994036,0.9811579535590278,39.07945176853366,-1.9317588995093615e-07
Dummy media,5,1.134969078935622,0.97887758984375,38.662655304816326,-1.8206081119354067e-05
SVM lineal,1,0.7862306829646204,0.6069419256718747,23.030403795144714,0.5170079233274556
SVM lineal,2,0.7992890896038961,0.6163569022418638,23.540287646519598,0.5049779349391612
SVM lineal,3,0.8082601860674377,0.6249436083560689,23.569173151282,0.4899229836296556
SVM lineal,4,0.8026798600578343,0.6142835246803151,23.523484411717902,0.505248024113125
SVM lineal,5,0.7903497264608088,0.6147627186004684,23.224365422247466,0.5150706594602978
