alternativa;semilla;KS_media;Wasserstein_media;TV_categorica;faltantes_media;Spearman_error;TV_combinaciones;KS_objetivo;KS_max;puntaje
1;20260931;0,018154720010827644;0,012022026523877035;0,004293531792521293;0,00012795449904118872;0,007120472074686448;0,03794719461879305;0,0542082038062911;0,0542082038062911;0,013277649919957777
1;20261031;0,016488988579719113;0,011532753618553644;0,00427186771115753;0,00019616865250354418;0,006966040167993982;0,03799045992635218;0,05113856690048513;0,05113856690048513;0,012907713109379998
1;20261131;0,018693121032026545;0,015347981105473573;0,006847923931501957;0,00016048088468640156;0,008294301300803237;0,04142264544329781;0,050086119961351594;0,050086119961351594;0,01512774228296492
1;20261231;0,01858533099375714;0,01219015364603752;0,005313335947549626;7,339621289881757e-05;0,007624090583255381;0,03758127278028439;0,049603748447582086;0,049603748447582086;0,013561263360630479
1;20261331;0,016240759672477543;0,010877979928393249;0,004171697524503678;6,365133383276672e-05;0,009514832978057048;0,03748168924186862;0,050261527784540516;0,050261527784540516;0,013058435113188818
2;20260931;0,03867754417402512;0,05755233168074631;0,006370266555359945;0,00024722334500176666;0,03635115751313375;0,03670100709903033;0,08078248901941165;0,08078248901941165;0,029316588394549536
2;20261031;0,03766841507860831;0,05616523271017172;0,0049070610909494996;8,801353149789345e-05;0,04032448598445551;0,03856713514439466;0,07951078230129205;0,07951078230129205;0,029620057256679603
2;20261131;0,03749238958892671;0,05378952068428977;0,005266362185056854;0,0002959477403320206;0,03739246125426962;0,03659643705059078;0,07907226274331969;0,07907226274331969;0,028472186417244295
2;20261231;0,03855887565863031;0,05757261743341166;0,005343841655930299;0,00015464699387428426;0,03415753008819389;0,04149582981099954;0,0807386370636144;0,0807386370636144;0,029547223606839996
2;20261331;0,03654608750872252;0,052559112966048524;0,00502007468367299;6,948522464488401e-05;0,03861264031823555;0,03816909431485059;0,081615676179559;0,081615676179559;0,028496082502695846
